question_id,user_id,category,city,question_text,created_at
1,4,Business,Chennai,How can I start learning machine learning?,2026-04-20 15:56:00
2,14,Health,Mumbai,How can I learn Python?,2026-06-22 02:28:00
3,10,General,Pune,How can I prepare for a technical interview?,2026-05-27 22:08:00
4,8,Technology,Hyderabad,What are good resources for learning technology?,2026-05-09 07:52:00
5,15,Business,Mumbai,What is data engineering?,2026-01-19 07:06:00
6,25,Programming,Hyderabad,What is data engineering?,2026-03-01 18:20:00
7,18,General,Pune,What is the difference between SQL and NoSQL?,2026-06-05 11:02:00
8,1,Career,Pune,What is the difference between SQL and NoSQL?,2026-03-10 04:16:00
9,9,Programming,Hyderabad,How can I start learning machine learning?,2026-05-04 08:39:00
10,24,Business,Mumbai,How can I improve my career skills?,2026-06-12 15:33:00
11,26,Career,Chennai,How can I prepare for a technical interview?,2026-06-24 04:48:00
12,3,Technology,Ahmedabad,What is data engineering?,2026-03-06 21:09:00
13,2,Programming,Delhi,What is data engineering?,2026-01-23 00:18:00
14,4,Career,Ahmedabad,How can I improve my programming skills?,2026-05-26 08:51:00
15,25,Programming,Delhi,What is the difference between SQL and NoSQL?,2026-01-28 17:07:00
16,11,Health,Chennai,How can I improve my programming skills?,2026-03-04 19:58:00
17,2,Technology,Ahmedabad,How can I improve my programming skills?,2026-05-19 08:59:00
18,28,Business,Bangalore,How can I learn data analytics?,2026-06-02 06:19:00
19,1,Career,Chennai,How can I learn Python?,2026-01-22 13:45:00
20,5,Technology,Hyderabad,What is the best way to learn SQL?,2026-03-17 23:34:00
21,4,Technology,Mumbai,How can I learn Python?,2026-01-08 23:06:00
22,14,Education,Chennai,How can I start learning machine learning?,2026-06-14 09:08:00
23,26,General,Ahmedabad,What is the best way to learn SQL?,2026-03-26 04:06:00
24,26,Education,Pune,How can I improve my programming skills?,2026-02-08 00:37:00
25,30,Education,Mumbai,How can I start learning machine learning?,2026-04-17 21:39:00
26,3,Career,Jaipur,What is the best way to learn SQL?,2026-03-04 13:35:00
27,8,Health,Mumbai,What are good resources for learning technology?,2026-02-20 06:45:00
28,29,Career,Bangalore,What is data engineering?,2026-06-14 15:30:00
29,11,Programming,Hyderabad,What is the best way to learn SQL?,2026-03-08 21:48:00
30,14,Technology,Jaipur,How can I improve my career skills?,2026-01-28 14:57:00
31,3,Technology,Hyderabad,How can I improve my career skills?,2026-03-27 12:22:00
32,10,Programming,Delhi,How can I prepare for a technical interview?,2026-06-04 09:39:00
33,24,Education,Ahmedabad,What are good resources for learning technology?,2026-01-17 02:44:00
34,30,General,Hyderabad,How can I improve my programming skills?,2026-02-08 00:53:00
35,12,Health,Hyderabad,How can I prepare for a technical interview?,2026-01-02 08:24:00
36,23,Programming,Delhi,How can I improve my career skills?,2026-01-18 07:27:00
37,8,Health,Delhi,What are good resources for learning technology?,2026-04-16 20:51:00
38,8,General,Ahmedabad,How can I learn data analytics?,2026-04-06 08:56:00
39,25,Health,Hyderabad,What are good resources for learning technology?,2026-06-24 08:12:00
40,19,Health,Delhi,How can I learn data analytics?,2026-05-23 09:34:00
41,1,Career,Mumbai,What is the difference between SQL and NoSQL?,2026-03-17 15:25:00
42,25,General,Hyderabad,How can I improve my programming skills?,2026-01-30 08:46:00
43,2,Programming,Pune,How can I start learning machine learning?,2026-03-27 21:05:00
44,5,Health,Pune,What is the difference between SQL and NoSQL?,2026-05-29 23:10:00
45,12,Programming,Delhi,What is data engineering?,2026-02-10 21:58:00
46,19,Programming,Chennai,What is the difference between SQL and NoSQL?,2026-01-22 15:50:00
47,28,Technology,Chennai,How can I improve my programming skills?,2026-02-20 16:02:00
48,4,Health,Hyderabad,What is the best way to learn SQL?,2026-06-10 02:52:00
49,13,Career,Delhi,What is the best way to learn SQL?,2026-03-31 08:19:00
50,11,Health,Mumbai,How can I learn data analytics?,2026-02-19 00:23:00
51,22,Programming,Bangalore,What are good resources for learning technology?,2026-02-03 18:59:00
52,11,Programming,Jaipur,How can I improve my career skills?,2026-02-06 18:10:00
53,6,Business,Bangalore,What is the difference between SQL and NoSQL?,2026-01-13 00:14:00
54,9,Career,Jaipur,What is data engineering?,2026-05-25 19:22:00
55,21,Career,Hyderabad,How can I prepare for a technical interview?,2026-03-13 03:02:00
56,7,Technology,Jaipur,How can I start learning machine learning?,2026-01-26 10:53:00
57,8,Programming,Delhi,How can I learn data analytics?,2026-02-18 12:28:00
58,22,Programming,Delhi,What is the best way to learn SQL?,2026-01-25 10:27:00
59,22,Health,Mumbai,How can I improve my programming skills?,2026-06-20 08:10:00
60,27,General,Jaipur,What is data engineering?,2026-02-17 23:16:00
61,1,Health,Delhi,What is the best way to learn SQL?,2026-02-03 04:24:00
62,26,Business,Delhi,How can I improve my career skills?,2026-06-21 23:45:00
63,25,Technology,Jaipur,What are good resources for learning technology?,2026-01-03 08:18:00
64,9,Programming,Pune,How can I learn Python?,2026-05-26 17:46:00
65,10,Health,Chennai,What are good resources for learning technology?,2026-05-16 19:16:00
66,14,Career,Jaipur,How can I learn Python?,2026-01-14 03:53:00
67,24,Programming,Ahmedabad,What is the difference between SQL and NoSQL?,2026-03-05 08:55:00
68,17,Business,Bangalore,How can I learn Python?,2026-01-10 22:59:00
69,1,Health,Mumbai,How can I prepare for a technical interview?,2026-02-12 23:14:00
70,13,General,Ahmedabad,What are good resources for learning technology?,2026-03-28 17:04:00
71,23,Education,Hyderabad,What is the best way to learn SQL?,2026-04-28 20:26:00
72,12,Business,Ahmedabad,What is the best way to learn SQL?,2026-03-10 03:05:00
73,13,Education,Hyderabad,How can I start learning machine learning?,2026-04-12 15:41:00
74,5,General,Hyderabad,What are good resources for learning technology?,2026-05-01 19:38:00
75,7,Health,Bangalore,How can I learn data analytics?,2026-05-08 06:46:00
76,3,Career,Hyderabad,How can I improve my programming skills?,2026-06-10 06:45:00
77,26,Technology,Pune,How can I improve my career skills?,2026-04-11 22:29:00
78,3,Education,Delhi,How can I learn data analytics?,2026-02-01 20:59:00
79,9,General,Pune,How can I learn Python?,2026-04-30 08:28:00
80,30,Health,Mumbai,What are good resources for learning technology?,2026-01-24 06:07:00
81,8,Business,Jaipur,How can I prepare for a technical interview?,2026-06-01 04:09:00
82,20,Business,Delhi,How can I prepare for a technical interview?,2026-05-23 23:55:00
83,8,Health,Delhi,What are good resources for learning technology?,2026-05-07 00:31:00
84,5,Education,Hyderabad,How can I start learning machine learning?,2026-01-31 04:44:00
85,29,Business,Ahmedabad,How can I improve my career skills?,2026-04-26 03:08:00
86,22,Programming,Jaipur,How can I improve my career skills?,2026-05-23 20:38:00
87,13,General,Pune,How can I improve my programming skills?,2026-02-06 12:27:00
88,11,Programming,Mumbai,How can I learn data analytics?,2026-03-24 20:56:00
89,7,Programming,Bangalore,What is data engineering?,2026-04-17 11:03:00
90,2,Education,Bangalore,What is data engineering?,2026-04-20 17:34:00
91,18,Career,Chennai,How can I improve my programming skills?,2026-04-28 01:13:00
92,14,Health,Delhi,How can I improve my programming skills?,2026-02-06 13:16:00
93,12,Technology,Hyderabad,What is the best way to learn SQL?,2026-05-24 10:49:00
94,1,Business,Hyderabad,How can I improve my career skills?,2026-02-11 09:04:00
95,8,Programming,Ahmedabad,What is the best way to learn SQL?,2026-02-11 12:19:00
96,13,Business,Mumbai,How can I learn data analytics?,2026-06-03 11:30:00
97,12,Programming,Jaipur,How can I learn Python?,2026-03-26 18:39:00
98,5,General,Ahmedabad,What is the difference between SQL and NoSQL?,2026-06-17 16:46:00
99,2,Business,Pune,How can I improve my career skills?,2026-01-22 15:13:00
100,8,Business,Hyderabad,What is the best way to learn SQL?,2026-04-24 10:37:00
101,10,Career,Bangalore,What is the best way to learn SQL?,2026-05-16 15:16:00
102,12,Technology,Delhi,How can I prepare for a technical interview?,2026-03-27 03:32:00
103,11,Education,Chennai,What is the best way to learn SQL?,2026-05-30 19:44:00
104,8,General,Bangalore,How can I learn Python?,2026-04-02 13:07:00
105,17,Health,Pune,How can I improve my programming skills?,2026-01-27 10:48:00
106,28,Business,Pune,How can I prepare for a technical interview?,2026-04-05 11:07:00
107,28,General,Chennai,How can I improve my programming skills?,2026-03-23 23:08:00
108,25,Education,Ahmedabad,What is data engineering?,2026-01-06 20:43:00
109,27,Technology,Ahmedabad,What is the best way to learn SQL?,2026-06-17 09:32:00
110,22,General,Chennai,What are good resources for learning technology?,2026-02-13 18:11:00
111,28,General,Bangalore,How can I prepare for a technical interview?,2026-04-10 10:21:00
112,20,General,Pune,How can I start learning machine learning?,2026-01-14 17:14:00
113,6,Programming,Jaipur,How can I learn Python?,2026-01-04 18:48:00
114,16,Programming,Hyderabad,How can I start learning machine learning?,2026-01-04 22:51:00
115,24,Career,Pune,How can I improve my career skills?,2026-04-02 01:59:00
116,11,Education,Chennai,What is data engineering?,2026-05-02 17:22:00
117,3,General,Ahmedabad,What is the difference between SQL and NoSQL?,2026-01-10 11:54:00
118,21,Programming,Mumbai,What is data engineering?,2026-02-13 19:55:00
119,4,Programming,Hyderabad,What is the best way to learn SQL?,2026-04-16 15:22:00
120,30,Technology,Pune,What is data engineering?,2026-03-17 07:41:00
121,7,Health,Chennai,What are good resources for learning technology?,2026-05-16 12:27:00
122,16,Education,Ahmedabad,How can I start learning machine learning?,2026-06-06 01:08:00
123,24,Education,Chennai,How can I improve my career skills?,2026-04-27 10:25:00
124,22,Career,Chennai,What is the difference between SQL and NoSQL?,2026-05-28 05:32:00
125,3,Programming,Ahmedabad,What is the difference between SQL and NoSQL?,2026-05-05 01:25:00
126,5,Health,Bangalore,How can I learn data analytics?,2026-04-14 15:00:00
127,24,General,Pune,How can I improve my programming skills?,2026-06-16 00:55:00
128,5,Education,Ahmedabad,How can I prepare for a technical interview?,2026-05-24 19:41:00
129,28,General,Hyderabad,What are good resources for learning technology?,2026-04-11 23:41:00
130,10,Health,Mumbai,What is the difference between SQL and NoSQL?,2026-06-28 18:44:00
131,10,Programming,Bangalore,What are good resources for learning technology?,2026-04-26 16:04:00
132,12,Education,Mumbai,What is the difference between SQL and NoSQL?,2026-04-26 01:12:00
133,8,Business,Jaipur,How can I learn data analytics?,2026-05-02 14:45:00
134,15,General,Mumbai,How can I learn Python?,2026-03-09 10:32:00
135,5,General,Pune,How can I improve my career skills?,2026-04-02 17:13:00
136,4,Business,Hyderabad,How can I learn data analytics?,2026-01-30 03:43:00
137,15,Business,Pune,What is the best way to learn SQL?,2026-04-30 22:29:00
138,11,Health,Pune,How can I learn data analytics?,2026-03-31 15:06:00
139,11,Career,Hyderabad,How can I learn data analytics?,2026-05-01 10:58:00
140,15,Programming,Hyderabad,How can I prepare for a technical interview?,2026-05-04 03:42:00
141,19,Business,Ahmedabad,How can I improve my career skills?,2026-05-27 00:05:00
142,16,Health,Delhi,How can I prepare for a technical interview?,2026-06-19 03:18:00
143,8,Education,Bangalore,How can I start learning machine learning?,2026-06-06 22:02:00
144,19,General,Chennai,What is the difference between SQL and NoSQL?,2026-06-04 08:06:00
145,11,General,Bangalore,How can I prepare for a technical interview?,2026-04-26 13:46:00
146,12,Health,Bangalore,How can I learn Python?,2026-01-24 17:15:00
147,22,Career,Jaipur,How can I learn data analytics?,2026-05-02 10:55:00
148,29,Technology,Ahmedabad,What is the difference between SQL and NoSQL?,2026-01-10 14:13:00
149,9,Career,Chennai,How can I improve my career skills?,2026-05-03 07:58:00
150,11,Education,Bangalore,How can I learn data analytics?,2026-02-19 21:29:00
151,24,Technology,Ahmedabad,What is the difference between SQL and NoSQL?,2026-03-30 20:47:00
152,16,General,Mumbai,What are good resources for learning technology?,2026-05-25 21:02:00
153,12,Programming,Jaipur,How can I prepare for a technical interview?,2026-05-28 04:24:00
154,25,Business,Delhi,How can I learn data analytics?,2026-04-19 09:29:00
155,21,Health,Mumbai,How can I improve my career skills?,2026-03-19 03:59:00
156,14,Business,Mumbai,How can I improve my career skills?,2026-01-02 18:56:00
157,16,Health,Hyderabad,What is data engineering?,2026-04-21 08:39:00
158,7,Programming,Chennai,How can I learn data analytics?,2026-06-19 13:57:00
159,28,Programming,Pune,What is the best way to learn SQL?,2026-02-25 17:10:00
160,25,Business,Bangalore,How can I learn data analytics?,2026-05-06 13:59:00
161,27,Career,Mumbai,What are good resources for learning technology?,2026-03-02 08:38:00
162,20,Programming,Bangalore,How can I learn data analytics?,2026-01-24 20:05:00
163,19,Business,Bangalore,How can I improve my career skills?,2026-01-11 11:41:00
164,3,General,Bangalore,What is the difference between SQL and NoSQL?,2026-06-21 13:26:00
165,18,Programming,Jaipur,How can I learn Python?,2026-01-18 02:24:00
166,8,Education,Hyderabad,What is data engineering?,2026-02-03 20:28:00
167,13,Programming,Pune,How can I learn data analytics?,2026-02-02 20:28:00
168,3,Health,Mumbai,How can I improve my career skills?,2026-06-22 17:52:00
169,12,Education,Pune,How can I improve my career skills?,2026-04-25 11:45:00
170,6,Programming,Chennai,What are good resources for learning technology?,2026-04-19 01:34:00
171,17,Programming,Bangalore,What is data engineering?,2026-03-24 16:16:00
172,27,Health,Mumbai,What are good resources for learning technology?,2026-06-02 06:46:00
173,18,Career,Ahmedabad,What is the best way to learn SQL?,2026-02-11 06:14:00
174,9,General,Ahmedabad,How can I improve my career skills?,2026-02-27 21:20:00
175,29,Technology,Hyderabad,What is the difference between SQL and NoSQL?,2026-05-15 00:03:00
176,23,Education,Bangalore,How can I improve my career skills?,2026-05-05 16:27:00
177,4,Technology,Bangalore,How can I start learning machine learning?,2026-01-26 19:57:00
178,11,Business,Ahmedabad,How can I learn Python?,2026-01-31 03:14:00
179,27,Education,Delhi,What is data engineering?,2026-05-07 11:48:00
180,5,Technology,Pune,How can I prepare for a technical interview?,2026-01-12 04:24:00
181,7,Health,Pune,What is the difference between SQL and NoSQL?,2026-05-01 13:51:00
182,25,General,Hyderabad,How can I improve my career skills?,2026-03-17 04:35:00
183,21,General,Mumbai,How can I learn Python?,2026-06-21 08:05:00
184,25,Programming,Delhi,How can I improve my career skills?,2026-03-27 02:30:00
185,13,Career,Jaipur,How can I learn Python?,2026-02-27 17:22:00
186,10,Career,Jaipur,How can I improve my career skills?,2026-01-31 00:05:00
187,17,Business,Pune,How can I prepare for a technical interview?,2026-04-24 06:20:00
188,13,Technology,Hyderabad,How can I learn Python?,2026-05-27 07:16:00
189,20,Education,Delhi,What is the best way to learn SQL?,2026-04-11 22:51:00
190,16,Career,Chennai,How can I start learning machine learning?,2026-03-10 01:18:00
191,4,Health,Hyderabad,What are good resources for learning technology?,2026-03-27 21:59:00
192,25,Technology,Pune,What is the difference between SQL and NoSQL?,2026-03-25 17:05:00
193,26,Health,Pune,What is the best way to learn SQL?,2026-03-01 20:46:00
194,12,Programming,Jaipur,How can I learn Python?,2026-05-14 20:37:00
195,25,Business,Hyderabad,How can I improve my programming skills?,2026-06-14 12:21:00
196,25,Career,Jaipur,How can I start learning machine learning?,2026-02-13 20:43:00
197,11,Technology,Jaipur,How can I start learning machine learning?,2026-03-11 02:24:00
198,18,Business,Ahmedabad,What are good resources for learning technology?,2026-05-11 06:04:00
199,8,General,Jaipur,What is data engineering?,2026-05-31 00:23:00
200,13,Programming,Pune,What are good resources for learning technology?,2026-02-08 05:41:00
201,5,Programming,Hyderabad,What is the best way to learn SQL?,2026-01-10 04:51:00
202,28,Technology,Delhi,What are good resources for learning technology?,2026-06-28 16:17:00
203,14,Programming,Ahmedabad,How can I improve my career skills?,2026-01-05 20:57:00
204,18,Education,Pune,What are good resources for learning technology?,2026-06-07 21:57:00
205,6,Career,Chennai,What is the difference between SQL and NoSQL?,2026-06-08 00:02:00
206,16,Health,Bangalore,How can I learn data analytics?,2026-05-19 04:43:00
207,12,Health,Bangalore,How can I learn data analytics?,2026-04-26 06:58:00
208,27,Technology,Bangalore,How can I improve my programming skills?,2026-05-26 20:48:00
209,22,Education,Mumbai,What are good resources for learning technology?,2026-03-02 10:33:00
210,24,General,Mumbai,How can I improve my career skills?,2026-06-06 03:38:00
211,22,General,Jaipur,What is the best way to learn SQL?,2026-03-19 06:31:00
212,25,Business,Hyderabad,How can I improve my programming skills?,2026-04-02 13:45:00
213,19,Business,Mumbai,How can I start learning machine learning?,2026-06-19 00:01:00
214,17,Programming,Chennai,How can I learn Python?,2026-03-05 13:37:00
215,17,Programming,Chennai,What is the difference between SQL and NoSQL?,2026-05-21 07:39:00
216,26,Business,Jaipur,How can I prepare for a technical interview?,2026-05-12 01:43:00
217,6,Education,Pune,What is the best way to learn SQL?,2026-02-26 00:59:00
218,6,Programming,Jaipur,How can I start learning machine learning?,2026-04-05 04:52:00
219,15,Technology,Hyderabad,How can I improve my programming skills?,2026-01-28 17:20:00
220,9,Programming,Pune,What is data engineering?,2026-05-08 10:23:00
221,28,Career,Pune,What is the difference between SQL and NoSQL?,2026-06-05 16:16:00
222,22,Technology,Bangalore,What is the difference between SQL and NoSQL?,2026-01-05 18:57:00
223,8,Business,Pune,What is the difference between SQL and NoSQL?,2026-04-28 18:06:00
224,28,Programming,Bangalore,What are good resources for learning technology?,2026-06-05 11:58:00
225,2,Technology,Ahmedabad,What are good resources for learning technology?,2026-01-02 02:50:00
226,10,Education,Hyderabad,What is the difference between SQL and NoSQL?,2026-04-11 14:50:00
227,6,Education,Pune,How can I prepare for a technical interview?,2026-05-21 00:08:00
228,29,General,Bangalore,What is the difference between SQL and NoSQL?,2026-04-17 10:02:00
229,19,Technology,Jaipur,How can I improve my programming skills?,2026-04-17 01:15:00
230,17,General,Bangalore,What are good resources for learning technology?,2026-06-25 10:08:00
231,7,Programming,Chennai,How can I learn data analytics?,2026-04-11 02:51:00
232,21,Technology,Bangalore,How can I prepare for a technical interview?,2026-04-24 20:06:00
233,23,Technology,Chennai,How can I start learning machine learning?,2026-04-28 10:13:00
234,21,Education,Pune,What is the best way to learn SQL?,2026-01-09 20:04:00
235,22,Career,Bangalore,What is data engineering?,2026-04-11 10:07:00
236,15,Programming,Jaipur,How can I improve my career skills?,2026-06-02 14:12:00
237,10,Business,Hyderabad,How can I improve my career skills?,2026-04-26 04:06:00
238,11,Technology,Pune,How can I learn data analytics?,2026-05-18 19:53:00
239,12,Health,Delhi,What is the difference between SQL and NoSQL?,2026-05-19 12:18:00
240,16,Programming,Chennai,What is data engineering?,2026-03-17 08:35:00
241,22,Career,Delhi,How can I improve my career skills?,2026-01-24 01:28:00
242,15,Health,Jaipur,How can I learn Python?,2026-02-11 11:16:00
243,15,Career,Ahmedabad,What is the difference between SQL and NoSQL?,2026-03-10 05:01:00
244,24,Health,Hyderabad,What is the difference between SQL and NoSQL?,2026-03-29 01:06:00
245,10,Health,Delhi,How can I learn Python?,2026-05-13 09:41:00
246,2,Technology,Bangalore,How can I improve my career skills?,2026-06-25 10:36:00
247,6,General,Mumbai,How can I prepare for a technical interview?,2026-05-08 09:20:00
248,28,Career,Pune,How can I learn data analytics?,2026-05-17 20:50:00
249,19,Health,Chennai,How can I improve my programming skills?,2026-03-17 19:08:00
250,7,Education,Delhi,What are good resources for learning technology?,2026-05-30 15:40:00
251,5,Education,Delhi,How can I start learning machine learning?,2026-03-14 04:21:00
252,1,Programming,Mumbai,How can I improve my programming skills?,2026-04-01 18:10:00
253,7,Business,Mumbai,How can I prepare for a technical interview?,2026-04-17 14:41:00
254,27,Business,Chennai,What is data engineering?,2026-06-12 16:23:00
255,15,Education,Jaipur,What is data engineering?,2026-01-09 14:43:00
256,29,Education,Mumbai,How can I learn data analytics?,2026-04-14 21:09:00
257,6,Technology,Pune,How can I learn Python?,2026-04-26 05:24:00
258,15,Technology,Pune,What is the difference between SQL and NoSQL?,2026-06-10 12:45:00
259,2,Education,Bangalore,How can I improve my programming skills?,2026-04-02 21:24:00
260,27,Programming,Ahmedabad,How can I learn Python?,2026-06-06 00:37:00
261,7,Education,Jaipur,What is data engineering?,2026-01-18 04:52:00
262,22,Programming,Ahmedabad,What is data engineering?,2026-04-29 21:30:00
263,7,Health,Hyderabad,How can I learn data analytics?,2026-04-11 18:48:00
264,8,Technology,Bangalore,How can I improve my programming skills?,2026-04-09 18:19:00
265,23,Education,Mumbai,How can I improve my programming skills?,2026-05-29 14:58:00
266,21,Business,Bangalore,How can I improve my career skills?,2026-06-09 00:03:00
267,4,Education,Delhi,How can I improve my career skills?,2026-02-12 12:10:00
268,1,Technology,Jaipur,What is data engineering?,2026-03-18 01:48:00
269,27,Technology,Pune,How can I learn data analytics?,2026-03-07 19:18:00
270,9,Business,Ahmedabad,How can I learn Python?,2026-01-22 09:51:00
271,5,Education,Delhi,What is the best way to learn SQL?,2026-04-16 13:01:00
272,9,Health,Ahmedabad,What is the best way to learn SQL?,2026-05-27 16:15:00
273,15,Education,Ahmedabad,What is the difference between SQL and NoSQL?,2026-04-25 13:04:00
274,2,Education,Delhi,What is the difference between SQL and NoSQL?,2026-06-06 17:02:00
275,9,Education,Ahmedabad,What is the difference between SQL and NoSQL?,2026-01-28 08:25:00
276,19,Technology,Jaipur,What is the difference between SQL and NoSQL?,2026-03-18 15:27:00
277,12,Career,Pune,What is the best way to learn SQL?,2026-05-02 19:48:00
278,18,Technology,Ahmedabad,How can I improve my programming skills?,2026-06-10 09:36:00
279,18,Business,Pune,How can I start learning machine learning?,2026-05-17 23:01:00
280,21,Business,Mumbai,How can I prepare for a technical interview?,2026-06-15 22:39:00
281,21,Career,Bangalore,What is the difference between SQL and NoSQL?,2026-05-24 22:27:00
282,29,Education,Bangalore,What is the difference between SQL and NoSQL?,2026-06-22 15:00:00
283,21,Career,Bangalore,How can I learn Python?,2026-03-11 10:54:00
284,19,Health,Bangalore,What is the best way to learn SQL?,2026-03-19 06:24:00
285,17,Education,Jaipur,How can I prepare for a technical interview?,2026-06-08 01:37:00
286,26,Career,Mumbai,How can I improve my programming skills?,2026-03-31 05:55:00
287,30,Programming,Delhi,What is the best way to learn SQL?,2026-05-08 16:12:00
288,13,Technology,Pune,What is the best way to learn SQL?,2026-04-14 14:01:00
289,26,Career,Ahmedabad,How can I improve my career skills?,2026-05-15 15:55:00
290,5,General,Hyderabad,How can I improve my career skills?,2026-02-11 09:31:00
291,21,Programming,Ahmedabad,What is data engineering?,2026-06-26 05:42:00
292,21,General,Mumbai,What is the difference between SQL and NoSQL?,2026-05-05 00:13:00
293,3,Technology,Mumbai,How can I learn data analytics?,2026-06-21 05:12:00
294,2,Education,Hyderabad,How can I improve my programming skills?,2026-03-30 15:24:00
295,8,General,Bangalore,What is the difference between SQL and NoSQL?,2026-03-18 16:28:00
296,23,General,Delhi,How can I learn Python?,2026-02-07 14:23:00
297,29,General,Bangalore,What is data engineering?,2026-05-15 11:49:00
298,13,Programming,Mumbai,How can I improve my career skills?,2026-05-02 23:37:00
299,15,General,Ahmedabad,What is the best way to learn SQL?,2026-06-08 18:01:00
300,26,Health,Hyderabad,How can I start learning machine learning?,2026-05-26 22:57:00
301,2,Career,Bangalore,How can I improve my career skills?,2026-05-14 12:50:00
302,7,Career,Mumbai,What is the best way to learn SQL?,2026-05-07 11:00:00
303,15,General,Hyderabad,What is the difference between SQL and NoSQL?,2026-05-01 14:36:00
304,21,General,Delhi,How can I learn Python?,2026-01-27 08:18:00
305,19,Programming,Chennai,How can I start learning machine learning?,2026-01-12 18:53:00
306,29,Education,Ahmedabad,What is data engineering?,2026-03-22 21:04:00
307,14,Health,Mumbai,How can I prepare for a technical interview?,2026-06-15 13:52:00
308,28,Programming,Ahmedabad,How can I prepare for a technical interview?,2026-04-25 18:26:00
309,12,Programming,Bangalore,How can I improve my programming skills?,2026-02-08 18:03:00
310,10,Health,Jaipur,What are good resources for learning technology?,2026-06-16 21:28:00
311,3,Technology,Delhi,How can I improve my programming skills?,2026-05-28 14:50:00
312,20,Technology,Ahmedabad,How can I start learning machine learning?,2026-03-01 12:22:00
313,1,Education,Jaipur,What is the best way to learn SQL?,2026-01-09 09:27:00
314,10,Education,Jaipur,How can I start learning machine learning?,2026-06-15 19:07:00
315,20,Technology,Jaipur,How can I learn Python?,2026-03-14 16:05:00
316,21,Business,Pune,How can I improve my programming skills?,2026-04-05 16:51:00
317,17,Education,Pune,How can I learn Python?,2026-01-07 15:10:00
318,19,Health,Delhi,How can I improve my career skills?,2026-04-14 01:31:00
319,5,Business,Hyderabad,How can I learn Python?,2026-02-08 02:33:00
320,25,General,Bangalore,What is the best way to learn SQL?,2026-05-31 10:31:00
321,10,Technology,Pune,How can I start learning machine learning?,2026-05-30 10:07:00
322,27,Technology,Ahmedabad,How can I start learning machine learning?,2026-04-06 23:55:00
323,20,Career,Pune,What is data engineering?,2026-03-28 17:40:00
324,8,Programming,Chennai,How can I improve my programming skills?,2026-04-24 04:19:00
325,8,Programming,Chennai,How can I improve my career skills?,2026-01-16 19:11:00
326,21,Career,Bangalore,How can I start learning machine learning?,2026-05-05 01:32:00
327,17,Education,Hyderabad,What is data engineering?,2026-03-21 07:27:00
328,23,General,Chennai,How can I improve my programming skills?,2026-05-03 07:29:00
329,4,Programming,Pune,How can I start learning machine learning?,2026-01-06 01:31:00
330,7,Health,Bangalore,What are good resources for learning technology?,2026-04-29 01:37:00
331,25,General,Pune,What is the best way to learn SQL?,2026-04-07 04:53:00
332,29,General,Bangalore,What is data engineering?,2026-03-12 13:15:00
333,3,Career,Chennai,How can I prepare for a technical interview?,2026-01-26 14:31:00
334,8,Health,Pune,How can I prepare for a technical interview?,2026-05-30 05:06:00
335,25,Education,Pune,How can I prepare for a technical interview?,2026-01-16 02:14:00
336,26,Education,Pune,What is the best way to learn SQL?,2026-05-29 17:01:00
337,30,Business,Chennai,How can I improve my career skills?,2026-05-10 01:29:00
338,16,Health,Pune,How can I learn data analytics?,2026-06-23 22:33:00
339,23,Health,Chennai,How can I learn data analytics?,2026-02-11 16:34:00
340,24,Technology,Hyderabad,What is the difference between SQL and NoSQL?,2026-05-25 01:02:00
341,23,Business,Delhi,What is the best way to learn SQL?,2026-05-30 01:07:00
342,25,Technology,Ahmedabad,What is the best way to learn SQL?,2026-02-16 11:44:00
343,15,Business,Jaipur,How can I improve my career skills?,2026-03-03 19:51:00
344,30,Education,Delhi,How can I improve my career skills?,2026-05-03 21:13:00
345,8,Programming,Chennai,How can I improve my career skills?,2026-02-15 04:18:00
346,4,Career,Delhi,How can I improve my programming skills?,2026-02-15 22:56:00
347,27,Technology,Chennai,How can I learn data analytics?,2026-02-26 10:50:00
348,26,Business,Bangalore,How can I learn Python?,2026-03-04 06:24:00
349,5,Education,Ahmedabad,What is data engineering?,2026-04-19 14:07:00
350,14,General,Pune,What is the difference between SQL and NoSQL?,2026-04-23 04:28:00
351,29,Programming,Jaipur,What are good resources for learning technology?,2026-05-06 07:07:00
352,8,Education,Mumbai,What is the best way to learn SQL?,2026-01-14 12:07:00
353,19,General,Mumbai,What is data engineering?,2026-05-22 17:25:00
354,13,Programming,Delhi,How can I improve my programming skills?,2026-01-29 13:15:00
355,11,General,Jaipur,What are good resources for learning technology?,2026-04-19 22:04:00
356,15,Education,Jaipur,What is the difference between SQL and NoSQL?,2026-06-22 21:56:00
357,27,Education,Bangalore,How can I learn data analytics?,2026-06-26 00:05:00
358,11,Health,Hyderabad,How can I improve my programming skills?,2026-03-05 17:21:00
359,21,Health,Hyderabad,How can I improve my programming skills?,2026-05-09 16:48:00
360,14,General,Ahmedabad,What are good resources for learning technology?,2026-01-09 15:44:00
361,28,Career,Delhi,How can I prepare for a technical interview?,2026-02-08 04:38:00
362,13,General,Pune,How can I improve my career skills?,2026-03-03 03:21:00
363,23,Programming,Ahmedabad,How can I prepare for a technical interview?,2026-04-24 12:27:00
364,22,Career,Mumbai,How can I learn Python?,2026-02-01 06:29:00
365,28,Health,Pune,What are good resources for learning technology?,2026-06-26 09:24:00
366,3,Career,Ahmedabad,How can I learn data analytics?,2026-03-28 21:14:00
367,6,Education,Bangalore,How can I learn data analytics?,2026-05-06 01:38:00
368,12,General,Jaipur,How can I learn Python?,2026-05-29 03:30:00
369,23,Education,Mumbai,How can I prepare for a technical interview?,2026-04-05 00:03:00
370,1,Business,Chennai,How can I learn data analytics?,2026-01-21 02:58:00
371,6,Education,Pune,How can I start learning machine learning?,2026-02-09 05:41:00
372,22,Career,Bangalore,What are good resources for learning technology?,2026-05-18 03:12:00
373,8,Health,Jaipur,How can I start learning machine learning?,2026-04-07 00:37:00
374,1,Career,Ahmedabad,How can I learn data analytics?,2026-01-09 21:00:00
375,7,Programming,Jaipur,What are good resources for learning technology?,2026-06-17 16:58:00
376,10,Health,Jaipur,How can I learn Python?,2026-04-06 13:37:00
377,19,Career,Ahmedabad,How can I learn Python?,2026-06-23 15:30:00
378,7,Education,Pune,How can I improve my career skills?,2026-05-06 21:28:00
379,10,General,Hyderabad,How can I learn data analytics?,2026-04-10 17:50:00
380,21,Programming,Mumbai,What is the difference between SQL and NoSQL?,2026-06-01 22:59:00
381,17,General,Pune,What is data engineering?,2026-04-06 04:54:00
382,18,General,Delhi,How can I learn Python?,2026-02-01 04:06:00
383,6,Programming,Pune,How can I start learning machine learning?,2026-04-26 08:16:00
384,3,Programming,Ahmedabad,How can I learn Python?,2026-03-10 13:37:00
385,26,Programming,Mumbai,How can I learn data analytics?,2026-02-01 11:25:00
386,18,Business,Hyderabad,How can I improve my programming skills?,2026-06-22 02:34:00
387,5,Education,Bangalore,How can I improve my programming skills?,2026-04-30 14:51:00
388,6,General,Jaipur,What is the difference between SQL and NoSQL?,2026-01-15 06:54:00
389,5,Career,Mumbai,How can I prepare for a technical interview?,2026-01-26 07:01:00
390,6,Career,Hyderabad,How can I learn data analytics?,2026-04-10 12:56:00
391,26,Technology,Chennai,How can I improve my career skills?,2026-01-05 21:10:00
392,5,Programming,Jaipur,How can I improve my career skills?,2026-05-03 20:00:00
393,2,Business,Hyderabad,What is the difference between SQL and NoSQL?,2026-06-11 01:01:00
394,14,Career,Delhi,What is the best way to learn SQL?,2026-05-08 08:37:00
395,25,Business,Hyderabad,How can I improve my career skills?,2026-06-12 22:45:00
396,22,Technology,Hyderabad,How can I start learning machine learning?,2026-04-07 09:12:00
397,14,Education,Bangalore,How can I learn Python?,2026-05-03 02:44:00
398,26,Programming,Bangalore,How can I start learning machine learning?,2026-02-14 08:41:00
399,3,General,Chennai,How can I improve my career skills?,2026-03-24 06:25:00
400,26,Health,Mumbai,What are good resources for learning technology?,2026-02-28 08:21:00
401,27,Programming,Ahmedabad,How can I improve my career skills?,2026-01-27 03:01:00
402,5,Health,Pune,What is the best way to learn SQL?,2026-02-19 11:26:00
403,30,General,Ahmedabad,What are good resources for learning technology?,2026-01-26 04:39:00
404,27,Technology,Delhi,How can I improve my career skills?,2026-06-28 12:27:00
405,5,Technology,Mumbai,What is the difference between SQL and NoSQL?,2026-03-16 17:36:00
406,30,Education,Chennai,What are good resources for learning technology?,2026-01-04 09:59:00
407,30,Education,Chennai,How can I prepare for a technical interview?,2026-01-31 09:24:00
408,16,Education,Bangalore,How can I prepare for a technical interview?,2026-02-24 07:39:00
409,25,Education,Bangalore,What is the best way to learn SQL?,2026-05-02 09:55:00
410,5,Career,Bangalore,How can I learn data analytics?,2026-04-11 07:30:00
411,18,Programming,Ahmedabad,How can I improve my career skills?,2026-06-18 10:33:00
412,22,Career,Bangalore,What are good resources for learning technology?,2026-04-10 20:20:00
413,9,Business,Pune,What is the best way to learn SQL?,2026-02-24 15:00:00
414,17,Health,Ahmedabad,What is the best way to learn SQL?,2026-06-28 11:54:00
415,6,Health,Mumbai,What is the difference between SQL and NoSQL?,2026-02-18 08:12:00
416,30,Health,Mumbai,How can I learn Python?,2026-02-16 18:40:00
417,27,Programming,Jaipur,What is the difference between SQL and NoSQL?,2026-06-26 19:02:00
418,15,Career,Chennai,How can I improve my programming skills?,2026-04-03 06:55:00
419,24,General,Bangalore,How can I prepare for a technical interview?,2026-01-02 17:03:00
420,13,Programming,Pune,What is the best way to learn SQL?,2026-04-19 08:05:00
421,28,Programming,Delhi,What is the best way to learn SQL?,2026-05-10 00:21:00
422,30,General,Bangalore,How can I start learning machine learning?,2026-03-12 20:38:00
423,4,Health,Mumbai,What are good resources for learning technology?,2026-03-25 03:51:00
424,28,Career,Bangalore,How can I start learning machine learning?,2026-05-31 09:16:00
425,26,Health,Ahmedabad,What are good resources for learning technology?,2026-04-18 04:00:00
426,15,Programming,Ahmedabad,How can I improve my career skills?,2026-06-14 21:50:00
427,9,General,Ahmedabad,What is data engineering?,2026-06-13 21:27:00
428,19,Career,Ahmedabad,How can I improve my programming skills?,2026-06-18 13:55:00
429,21,General,Bangalore,How can I learn data analytics?,2026-03-04 13:22:00
430,11,Business,Delhi,How can I learn Python?,2026-04-26 11:54:00
431,26,Health,Bangalore,What is data engineering?,2026-03-01 07:09:00
432,4,General,Ahmedabad,What are good resources for learning technology?,2026-02-01 16:26:00
433,22,Technology,Ahmedabad,What is the best way to learn SQL?,2026-05-13 23:44:00
434,21,Business,Delhi,How can I prepare for a technical interview?,2026-03-31 22:47:00
435,22,Business,Chennai,What are good resources for learning technology?,2026-02-26 13:19:00
436,20,Career,Mumbai,How can I improve my programming skills?,2026-04-29 06:41:00
437,23,Programming,Jaipur,How can I prepare for a technical interview?,2026-06-28 16:37:00
438,21,Technology,Pune,How can I learn data analytics?,2026-06-29 22:50:00
439,18,Business,Jaipur,How can I improve my programming skills?,2026-03-06 17:49:00
440,27,Technology,Mumbai,How can I improve my career skills?,2026-06-04 14:35:00
441,30,Education,Mumbai,How can I improve my career skills?,2026-02-22 06:33:00
442,12,Programming,Chennai,What is data engineering?,2026-05-20 17:13:00
443,20,Technology,Ahmedabad,What is the best way to learn SQL?,2026-05-30 03:44:00
444,12,Technology,Hyderabad,What is the best way to learn SQL?,2026-06-16 09:33:00
445,21,Technology,Ahmedabad,What are good resources for learning technology?,2026-02-25 10:40:00
446,12,Business,Jaipur,How can I improve my career skills?,2026-05-25 10:37:00
447,8,Education,Hyderabad,What are good resources for learning technology?,2026-01-07 04:32:00
448,30,General,Delhi,How can I learn Python?,2026-03-23 13:36:00
449,2,Health,Chennai,How can I improve my career skills?,2026-04-18 10:01:00
450,1,Programming,Ahmedabad,How can I prepare for a technical interview?,2026-05-23 05:55:00
451,23,Health,Delhi,What are good resources for learning technology?,2026-02-24 19:19:00
452,23,Education,Mumbai,How can I start learning machine learning?,2026-05-26 06:02:00
453,18,Education,Pune,What is the best way to learn SQL?,2026-04-05 04:36:00
454,26,Health,Pune,How can I start learning machine learning?,2026-01-07 00:54:00
455,26,Education,Jaipur,What is the difference between SQL and NoSQL?,2026-01-29 06:47:00
456,23,Technology,Chennai,What are good resources for learning technology?,2026-03-24 22:06:00
457,3,General,Bangalore,What are good resources for learning technology?,2026-06-01 04:55:00
458,10,Health,Ahmedabad,What is the best way to learn SQL?,2026-02-17 17:19:00
459,17,Education,Ahmedabad,How can I improve my career skills?,2026-03-20 01:52:00
460,5,Education,Mumbai,How can I improve my career skills?,2026-05-05 13:12:00
461,25,Programming,Hyderabad,How can I start learning machine learning?,2026-05-28 21:39:00
462,8,Career,Chennai,How can I prepare for a technical interview?,2026-06-09 08:59:00
463,30,Programming,Chennai,How can I start learning machine learning?,2026-05-24 15:56:00
464,19,Programming,Jaipur,How can I learn data analytics?,2026-03-12 09:51:00
465,30,Health,Mumbai,What is the difference between SQL and NoSQL?,2026-01-03 01:54:00
466,12,Education,Pune,How can I improve my programming skills?,2026-04-24 19:09:00
467,13,Business,Bangalore,What is data engineering?,2026-06-26 17:59:00
468,11,Programming,Mumbai,How can I improve my programming skills?,2026-04-15 22:28:00
469,21,Health,Ahmedabad,How can I start learning machine learning?,2026-01-09 02:51:00
470,14,Technology,Mumbai,How can I learn data analytics?,2026-03-18 03:56:00
471,23,Technology,Chennai,What are good resources for learning technology?,2026-01-24 17:40:00
472,10,Health,Mumbai,How can I improve my career skills?,2026-01-13 17:37:00
473,18,Education,Delhi,What is the difference between SQL and NoSQL?,2026-04-15 16:56:00
474,9,Business,Pune,What is data engineering?,2026-02-22 22:23:00
475,10,Programming,Bangalore,What is the best way to learn SQL?,2026-06-01 19:30:00
476,5,Programming,Pune,How can I prepare for a technical interview?,2026-05-25 18:09:00
477,12,Programming,Chennai,How can I learn data analytics?,2026-04-19 03:18:00
478,9,Programming,Mumbai,What is the best way to learn SQL?,2026-03-12 09:50:00
479,18,Programming,Chennai,How can I improve my career skills?,2026-04-05 00:39:00
480,5,Career,Chennai,How can I start learning machine learning?,2026-06-04 05:12:00
481,5,Technology,Bangalore,How can I learn Python?,2026-06-06 21:32:00
482,10,Education,Bangalore,How can I prepare for a technical interview?,2026-02-05 00:09:00
483,25,Career,Delhi,How can I start learning machine learning?,2026-01-31 13:08:00
484,1,Technology,Delhi,How can I improve my career skills?,2026-03-03 15:11:00
485,28,Health,Jaipur,How can I learn Python?,2026-05-31 18:50:00
486,2,Health,Delhi,What is the best way to learn SQL?,2026-06-02 17:53:00
487,16,General,Jaipur,How can I start learning machine learning?,2026-06-18 20:38:00
488,18,Business,Delhi,What is the best way to learn SQL?,2026-05-13 13:17:00
489,19,Health,Chennai,How can I improve my career skills?,2026-01-23 06:56:00
490,12,Education,Pune,What is the best way to learn SQL?,2026-02-23 00:20:00
491,27,Health,Hyderabad,How can I improve my career skills?,2026-03-03 14:36:00
492,20,Health,Bangalore,What are good resources for learning technology?,2026-06-12 01:29:00
493,14,General,Jaipur,What is the difference between SQL and NoSQL?,2026-03-13 20:46:00
494,1,Education,Hyderabad,What is the best way to learn SQL?,2026-03-02 09:11:00
495,8,Health,Delhi,How can I prepare for a technical interview?,2026-03-16 23:42:00
496,25,Programming,Ahmedabad,How can I learn Python?,2026-04-11 22:33:00
497,22,Career,Bangalore,How can I learn data analytics?,2026-01-11 21:38:00
498,27,Business,Hyderabad,What is data engineering?,2026-01-04 23:22:00
499,17,Business,Hyderabad,How can I prepare for a technical interview?,2026-02-10 04:35:00
500,17,Programming,Ahmedabad,How can I start learning machine learning?,2026-02-12 20:08:00
501,25,Health,Bangalore,How can I learn data analytics?,2026-03-10 00:43:00
502,29,Technology,Hyderabad,What is the difference between SQL and NoSQL?,2026-03-22 07:11:00
503,9,Health,Hyderabad,How can I start learning machine learning?,2026-05-30 03:15:00
504,1,Business,Jaipur,What are good resources for learning technology?,2026-05-03 16:43:00
505,9,General,Bangalore,What are good resources for learning technology?,2026-06-29 15:26:00
506,25,Education,Delhi,How can I improve my programming skills?,2026-05-23 16:32:00
507,16,Education,Hyderabad,How can I improve my career skills?,2026-05-31 10:51:00
508,23,Health,Chennai,What is the difference between SQL and NoSQL?,2026-01-25 22:43:00
509,2,Technology,Hyderabad,What is data engineering?,2026-01-21 18:40:00
510,25,Programming,Delhi,What are good resources for learning technology?,2026-02-17 10:40:00
511,1,Programming,Hyderabad,How can I improve my career skills?,2026-02-06 15:34:00
512,23,Technology,Pune,What is data engineering?,2026-01-09 07:36:00
513,6,General,Hyderabad,What is the difference between SQL and NoSQL?,2026-02-01 21:38:00
514,8,Education,Mumbai,What is data engineering?,2026-05-06 13:11:00
515,29,Education,Chennai,What is the best way to learn SQL?,2026-02-05 06:37:00
516,21,Education,Pune,How can I improve my programming skills?,2026-02-21 06:47:00
517,28,General,Pune,What are good resources for learning technology?,2026-01-07 20:38:00
518,3,Health,Pune,How can I learn Python?,2026-03-04 15:48:00
519,12,Business,Pune,What is data engineering?,2026-01-20 10:04:00
520,13,Technology,Jaipur,What is the best way to learn SQL?,2026-01-03 21:48:00
521,24,General,Chennai,What is data engineering?,2026-06-22 15:41:00
522,8,General,Mumbai,How can I start learning machine learning?,2026-05-12 03:46:00
523,20,Education,Hyderabad,What is the best way to learn SQL?,2026-04-27 18:13:00
524,7,Business,Mumbai,How can I start learning machine learning?,2026-03-24 18:28:00
525,10,Programming,Mumbai,What are good resources for learning technology?,2026-01-15 10:59:00
526,12,Technology,Jaipur,What are good resources for learning technology?,2026-03-27 15:02:00
527,16,Career,Chennai,How can I improve my career skills?,2026-01-20 13:46:00
528,12,Technology,Pune,What is data engineering?,2026-04-14 10:52:00
529,10,Programming,Pune,What is the best way to learn SQL?,2026-06-20 12:38:00
530,6,General,Delhi,How can I learn Python?,2026-03-21 11:12:00
531,18,General,Bangalore,How can I learn data analytics?,2026-02-19 14:18:00
532,9,Health,Mumbai,How can I start learning machine learning?,2026-02-12 17:23:00
533,26,Business,Delhi,How can I prepare for a technical interview?,2026-06-08 17:47:00
534,23,Business,Bangalore,What are good resources for learning technology?,2026-01-24 21:54:00
535,3,Education,Jaipur,What is the best way to learn SQL?,2026-06-23 05:05:00
536,17,Education,Hyderabad,How can I start learning machine learning?,2026-05-13 04:57:00
537,27,Education,Jaipur,How can I learn Python?,2026-06-28 22:24:00
538,4,Programming,Delhi,How can I start learning machine learning?,2026-05-12 05:54:00
539,4,Technology,Chennai,What is data engineering?,2026-02-17 10:50:00
540,6,Business,Ahmedabad,How can I learn data analytics?,2026-05-11 00:12:00
541,2,Education,Jaipur,How can I prepare for a technical interview?,2026-05-18 17:16:00
542,23,Programming,Ahmedabad,How can I learn Python?,2026-03-26 14:31:00
543,15,Programming,Bangalore,What is data engineering?,2026-04-10 23:43:00
544,15,Technology,Ahmedabad,How can I improve my career skills?,2026-04-14 10:15:00
545,12,Health,Mumbai,How can I improve my career skills?,2026-05-22 09:56:00
546,1,General,Hyderabad,How can I start learning machine learning?,2026-01-26 23:53:00
547,26,Education,Ahmedabad,How can I learn Python?,2026-04-11 15:58:00
548,5,General,Bangalore,How can I improve my career skills?,2026-06-05 13:39:00
549,16,Business,Chennai,How can I learn Python?,2026-01-07 08:39:00
550,11,Technology,Pune,What is data engineering?,2026-01-22 17:33:00
551,30,Business,Bangalore,How can I improve my career skills?,2026-04-20 22:04:00
552,17,General,Delhi,How can I prepare for a technical interview?,2026-04-24 12:35:00
553,16,Business,Ahmedabad,What is data engineering?,2026-05-09 09:55:00
554,19,Technology,Mumbai,What is data engineering?,2026-05-02 05:04:00
555,11,Programming,Mumbai,How can I start learning machine learning?,2026-03-14 04:48:00
556,22,Education,Ahmedabad,How can I improve my career skills?,2026-06-29 19:18:00
557,25,Health,Chennai,How can I learn data analytics?,2026-06-08 18:46:00
558,29,Business,Mumbai,What is data engineering?,2026-01-24 21:15:00
559,14,Education,Ahmedabad,What is the best way to learn SQL?,2026-02-08 04:51:00
560,24,Health,Hyderabad,What is the best way to learn SQL?,2026-05-10 01:01:00
561,21,Health,Hyderabad,What is data engineering?,2026-02-15 13:54:00
562,16,Career,Pune,How can I improve my career skills?,2026-02-04 09:37:00
563,29,Health,Chennai,How can I prepare for a technical interview?,2026-06-27 15:08:00
564,2,General,Chennai,What is the best way to learn SQL?,2026-02-16 01:11:00
565,16,Health,Bangalore,What is the difference between SQL and NoSQL?,2026-02-08 07:54:00
566,9,Technology,Chennai,How can I learn Python?,2026-06-01 09:48:00
567,18,General,Jaipur,What is the difference between SQL and NoSQL?,2026-02-14 17:46:00
568,30,Programming,Hyderabad,What is the best way to learn SQL?,2026-06-22 08:27:00
569,23,Education,Mumbai,How can I improve my programming skills?,2026-03-02 00:09:00
570,2,Business,Jaipur,What is the difference between SQL and NoSQL?,2026-03-08 04:19:00
571,8,Programming,Delhi,What is data engineering?,2026-05-02 16:44:00
572,8,Health,Ahmedabad,How can I learn Python?,2026-01-14 17:06:00
573,22,Health,Ahmedabad,What is the best way to learn SQL?,2026-06-11 17:27:00
574,13,Business,Pune,How can I learn Python?,2026-06-27 04:18:00
575,13,Business,Ahmedabad,What is the best way to learn SQL?,2026-03-19 12:45:00
576,16,Career,Chennai,What is data engineering?,2026-03-17 08:50:00
577,20,Health,Pune,What are good resources for learning technology?,2026-03-10 18:55:00
578,6,Health,Hyderabad,How can I start learning machine learning?,2026-03-02 11:10:00
579,30,Education,Delhi,What are good resources for learning technology?,2026-03-03 03:00:00
580,25,Programming,Bangalore,What is the best way to learn SQL?,2026-05-04 05:29:00
581,24,Programming,Hyderabad,What is the best way to learn SQL?,2026-04-24 05:32:00
582,15,Technology,Ahmedabad,How can I prepare for a technical interview?,2026-05-25 20:26:00
583,20,Programming,Ahmedabad,How can I improve my career skills?,2026-01-31 06:58:00
584,2,General,Hyderabad,What is data engineering?,2026-01-02 04:52:00
585,23,Technology,Pune,How can I improve my career skills?,2026-05-17 07:01:00
586,19,Technology,Delhi,What is the difference between SQL and NoSQL?,2026-01-12 04:44:00
587,30,Programming,Hyderabad,How can I learn Python?,2026-06-12 23:35:00
588,21,Career,Bangalore,What is the best way to learn SQL?,2026-06-07 05:32:00
589,3,Health,Hyderabad,How can I improve my programming skills?,2026-06-27 14:21:00
590,30,Technology,Hyderabad,What are good resources for learning technology?,2026-02-21 09:09:00
591,3,Education,Delhi,What is the best way to learn SQL?,2026-01-24 17:06:00
592,28,Career,Mumbai,How can I start learning machine learning?,2026-02-06 06:17:00
593,4,Education,Mumbai,How can I learn Python?,2026-06-25 07:17:00
594,2,General,Mumbai,How can I start learning machine learning?,2026-05-07 04:00:00
595,1,Technology,Jaipur,How can I learn data analytics?,2026-06-19 07:04:00
596,29,Business,Chennai,How can I improve my programming skills?,2026-01-05 21:48:00
597,19,General,Hyderabad,How can I prepare for a technical interview?,2026-05-25 10:09:00
598,26,Health,Jaipur,What is data engineering?,2026-01-13 21:54:00
599,30,General,Bangalore,How can I improve my programming skills?,2026-04-04 06:59:00
600,12,Career,Hyderabad,How can I prepare for a technical interview?,2026-01-01 12:18:00
601,24,Business,Pune,What are good resources for learning technology?,2026-01-23 00:33:00
602,8,Health,Hyderabad,What is the best way to learn SQL?,2026-05-08 13:36:00
603,13,General,Ahmedabad,How can I start learning machine learning?,2026-02-14 14:15:00
604,12,Education,Hyderabad,What is the difference between SQL and NoSQL?,2026-06-03 08:48:00
605,1,Technology,Hyderabad,How can I learn data analytics?,2026-01-15 19:49:00
606,22,Business,Bangalore,What are good resources for learning technology?,2026-04-17 17:40:00
607,20,Programming,Mumbai,How can I learn data analytics?,2026-03-26 10:55:00
608,18,Education,Hyderabad,What is the difference between SQL and NoSQL?,2026-01-06 22:13:00
609,3,Education,Mumbai,What are good resources for learning technology?,2026-04-26 07:32:00
610,8,Programming,Pune,How can I learn data analytics?,2026-06-09 02:57:00
611,28,Business,Pune,How can I improve my career skills?,2026-03-16 22:07:00
612,5,Business,Ahmedabad,How can I learn Python?,2026-05-14 23:40:00
613,26,Education,Chennai,What is the difference between SQL and NoSQL?,2026-03-27 22:13:00
614,17,Education,Mumbai,How can I learn Python?,2026-03-24 05:24:00
615,20,Education,Pune,What are good resources for learning technology?,2026-01-03 12:40:00
616,10,Technology,Delhi,How can I learn data analytics?,2026-03-08 01:58:00
617,3,Technology,Mumbai,How can I learn Python?,2026-03-02 02:21:00
618,7,Technology,Hyderabad,What is data engineering?,2026-03-29 03:24:00
619,3,Career,Bangalore,How can I learn data analytics?,2026-01-02 16:59:00
620,26,Health,Pune,How can I learn data analytics?,2026-05-29 08:18:00
621,27,Technology,Pune,How can I prepare for a technical interview?,2026-05-08 20:24:00
622,15,General,Bangalore,How can I start learning machine learning?,2026-01-24 22:14:00
623,15,Programming,Mumbai,How can I improve my career skills?,2026-02-16 07:41:00
624,3,Business,Hyderabad,How can I start learning machine learning?,2026-04-12 06:03:00
625,2,Career,Bangalore,How can I improve my career skills?,2026-01-06 03:36:00
626,21,Career,Hyderabad,How can I start learning machine learning?,2026-05-23 07:48:00
627,23,Technology,Hyderabad,How can I learn data analytics?,2026-02-17 02:08:00
628,9,Business,Bangalore,What are good resources for learning technology?,2026-03-31 02:18:00
629,24,General,Delhi,How can I improve my programming skills?,2026-05-12 08:58:00
630,28,Business,Delhi,What are good resources for learning technology?,2026-03-23 14:26:00
631,26,Technology,Jaipur,What are good resources for learning technology?,2026-04-07 14:51:00
632,30,General,Hyderabad,What is data engineering?,2026-05-20 22:57:00
633,11,Technology,Chennai,How can I learn data analytics?,2026-06-29 05:50:00
634,29,Technology,Delhi,How can I prepare for a technical interview?,2026-04-22 02:49:00
635,22,Business,Chennai,What are good resources for learning technology?,2026-06-01 17:10:00
636,24,Business,Mumbai,How can I prepare for a technical interview?,2026-04-10 04:48:00
637,26,Career,Chennai,How can I prepare for a technical interview?,2026-01-21 09:41:00
638,17,Business,Hyderabad,What is the difference between SQL and NoSQL?,2026-01-08 07:39:00
639,26,Health,Hyderabad,How can I learn data analytics?,2026-06-13 23:21:00
640,15,Career,Chennai,How can I improve my programming skills?,2026-01-09 20:07:00
641,3,Technology,Pune,How can I learn Python?,2026-01-22 18:57:00
642,26,Education,Jaipur,What is the difference between SQL and NoSQL?,2026-06-16 03:55:00
643,1,Technology,Jaipur,What is the difference between SQL and NoSQL?,2026-05-31 09:53:00
644,21,Health,Bangalore,How can I start learning machine learning?,2026-06-01 02:26:00
645,12,Technology,Delhi,How can I learn data analytics?,2026-06-29 16:24:00
646,15,Career,Bangalore,How can I prepare for a technical interview?,2026-04-03 02:15:00
647,17,Education,Delhi,How can I improve my programming skills?,2026-04-04 21:37:00
648,8,Health,Mumbai,How can I improve my programming skills?,2026-02-06 13:00:00
649,27,Technology,Jaipur,What is the best way to learn SQL?,2026-02-12 03:17:00
650,22,Education,Chennai,How can I improve my programming skills?,2026-01-21 16:02:00
651,18,General,Ahmedabad,How can I improve my career skills?,2026-01-21 23:34:00
652,13,Education,Hyderabad,What is data engineering?,2026-04-21 03:24:00
653,15,General,Hyderabad,What is the best way to learn SQL?,2026-02-28 13:44:00
654,7,Business,Hyderabad,How can I learn Python?,2026-05-16 11:14:00
655,17,Programming,Bangalore,What is the difference between SQL and NoSQL?,2026-02-13 17:47:00
656,10,Health,Delhi,How can I prepare for a technical interview?,2026-01-28 20:37:00
657,8,Health,Bangalore,How can I improve my career skills?,2026-05-12 05:18:00
658,6,Technology,Jaipur,How can I prepare for a technical interview?,2026-06-17 15:06:00
659,13,Education,Ahmedabad,What is data engineering?,2026-03-06 04:14:00
660,8,Programming,Delhi,How can I improve my career skills?,2026-06-02 22:54:00
661,17,Education,Hyderabad,What is the best way to learn SQL?,2026-05-22 16:06:00
662,2,Programming,Mumbai,How can I prepare for a technical interview?,2026-06-21 18:57:00
663,3,Programming,Delhi,How can I prepare for a technical interview?,2026-02-16 00:42:00
664,17,Programming,Delhi,How can I start learning machine learning?,2026-01-19 21:57:00
665,8,Programming,Chennai,What are good resources for learning technology?,2026-03-18 21:44:00
666,4,General,Hyderabad,How can I learn data analytics?,2026-04-10 04:36:00
667,8,General,Hyderabad,What is data engineering?,2026-01-02 06:02:00
668,23,Business,Ahmedabad,How can I learn Python?,2026-01-15 03:16:00
669,27,Business,Pune,How can I start learning machine learning?,2026-06-16 09:45:00
670,1,Education,Mumbai,How can I start learning machine learning?,2026-03-10 15:08:00
671,13,Health,Pune,How can I learn Python?,2026-01-11 03:51:00
672,20,Health,Pune,How can I learn data analytics?,2026-05-21 08:29:00
673,18,Education,Bangalore,How can I improve my programming skills?,2026-01-19 09:12:00
674,20,Education,Bangalore,How can I start learning machine learning?,2026-06-27 09:17:00
675,11,Programming,Hyderabad,How can I start learning machine learning?,2026-01-04 19:50:00
676,11,Health,Delhi,How can I prepare for a technical interview?,2026-03-11 00:44:00
677,22,Career,Bangalore,What is the best way to learn SQL?,2026-05-15 00:31:00
678,3,Education,Chennai,How can I prepare for a technical interview?,2026-04-15 00:52:00
679,15,Business,Hyderabad,What are good resources for learning technology?,2026-01-17 08:28:00
680,15,Technology,Bangalore,How can I improve my career skills?,2026-03-24 00:07:00
681,20,Education,Delhi,How can I learn Python?,2026-05-20 11:19:00
682,10,Technology,Jaipur,How can I learn Python?,2026-03-16 12:30:00
683,20,Health,Mumbai,How can I start learning machine learning?,2026-05-09 06:41:00
684,26,Career,Delhi,How can I learn Python?,2026-04-26 08:38:00
685,27,General,Mumbai,What are good resources for learning technology?,2026-01-21 06:29:00
686,19,Programming,Chennai,How can I start learning machine learning?,2026-04-01 23:11:00
687,4,Education,Pune,How can I start learning machine learning?,2026-01-25 01:44:00
688,23,Health,Chennai,What is the best way to learn SQL?,2026-03-12 04:57:00
689,30,General,Delhi,What is data engineering?,2026-03-28 04:27:00
690,16,Career,Mumbai,How can I improve my programming skills?,2026-03-16 18:05:00
691,15,Education,Bangalore,How can I learn Python?,2026-04-09 23:13:00
692,10,Health,Chennai,How can I improve my career skills?,2026-04-14 02:13:00
693,26,Technology,Mumbai,How can I learn Python?,2026-05-06 10:41:00
694,16,Technology,Pune,How can I learn Python?,2026-06-21 15:57:00
695,5,Technology,Chennai,How can I start learning machine learning?,2026-06-28 14:34:00
696,23,Health,Pune,How can I improve my career skills?,2026-01-10 11:53:00
697,9,Technology,Mumbai,How can I prepare for a technical interview?,2026-06-27 21:22:00
698,7,General,Chennai,How can I learn Python?,2026-04-04 16:31:00
699,27,Health,Chennai,What is data engineering?,2026-04-02 10:19:00
700,15,General,Pune,How can I improve my programming skills?,2026-05-18 10:14:00
701,13,Health,Jaipur,How can I prepare for a technical interview?,2026-01-10 01:48:00
702,10,Technology,Chennai,How can I learn data analytics?,2026-05-29 12:30:00
703,21,General,Bangalore,What are good resources for learning technology?,2026-05-23 11:23:00
704,29,Technology,Pune,How can I prepare for a technical interview?,2026-01-06 17:31:00
705,27,Career,Hyderabad,What is the difference between SQL and NoSQL?,2026-04-28 09:50:00
706,1,Programming,Pune,How can I prepare for a technical interview?,2026-04-14 22:10:00
707,4,Health,Bangalore,How can I prepare for a technical interview?,2026-02-20 08:28:00
708,20,Career,Delhi,How can I improve my career skills?,2026-05-28 06:01:00
709,29,General,Bangalore,What is the best way to learn SQL?,2026-02-22 01:48:00
710,2,Technology,Ahmedabad,How can I start learning machine learning?,2026-03-27 23:49:00
711,26,General,Delhi,How can I learn Python?,2026-05-17 02:27:00
712,20,General,Ahmedabad,What is the best way to learn SQL?,2026-04-14 20:21:00
713,17,Technology,Mumbai,What is the difference between SQL and NoSQL?,2026-06-23 17:57:00
714,16,Programming,Hyderabad,How can I improve my programming skills?,2026-06-11 07:30:00
715,11,Technology,Chennai,What are good resources for learning technology?,2026-04-06 16:22:00
716,2,Career,Hyderabad,How can I prepare for a technical interview?,2026-05-28 16:34:00
717,12,Health,Delhi,What are good resources for learning technology?,2026-05-11 08:05:00
718,10,Health,Mumbai,How can I learn data analytics?,2026-06-04 16:02:00
719,15,General,Ahmedabad,How can I prepare for a technical interview?,2026-02-04 00:00:00
720,25,Education,Ahmedabad,How can I improve my programming skills?,2026-04-26 13:25:00
721,14,Technology,Jaipur,What is the best way to learn SQL?,2026-05-17 19:57:00
722,22,Technology,Pune,How can I improve my career skills?,2026-06-12 05:02:00
723,22,Health,Jaipur,How can I learn data analytics?,2026-02-26 00:24:00
724,20,Programming,Pune,What are good resources for learning technology?,2026-01-01 00:29:00
725,20,Technology,Chennai,What is the difference between SQL and NoSQL?,2026-04-29 17:15:00
726,10,Programming,Chennai,What are good resources for learning technology?,2026-04-17 16:19:00
727,27,Health,Delhi,How can I start learning machine learning?,2026-06-21 10:28:00
728,26,Career,Bangalore,How can I improve my programming skills?,2026-04-01 07:22:00
729,13,Career,Mumbai,How can I improve my programming skills?,2026-01-06 13:12:00
730,9,Education,Mumbai,What is the difference between SQL and NoSQL?,2026-03-16 04:59:00
731,17,Programming,Ahmedabad,What is the best way to learn SQL?,2026-06-11 02:04:00
732,9,Education,Delhi,How can I prepare for a technical interview?,2026-05-17 15:57:00
733,20,Programming,Pune,How can I learn Python?,2026-05-06 05:05:00
734,12,Career,Ahmedabad,What are good resources for learning technology?,2026-02-08 20:25:00
735,3,Technology,Ahmedabad,What is the best way to learn SQL?,2026-06-11 21:05:00
736,10,Career,Ahmedabad,How can I improve my career skills?,2026-03-02 01:32:00
737,29,General,Hyderabad,How can I improve my programming skills?,2026-03-28 08:57:00
738,2,General,Ahmedabad,What is data engineering?,2026-01-21 14:37:00
739,27,Career,Bangalore,What is the best way to learn SQL?,2026-03-26 22:44:00
740,14,Business,Jaipur,How can I learn Python?,2026-03-05 19:58:00
741,5,Career,Delhi,How can I start learning machine learning?,2026-06-08 00:00:00
742,27,Education,Pune,What is data engineering?,2026-05-19 07:14:00
743,9,Programming,Pune,What is data engineering?,2026-02-04 23:40:00
744,9,Business,Ahmedabad,How can I learn Python?,2026-02-06 09:37:00
745,3,Education,Jaipur,How can I prepare for a technical interview?,2026-04-12 22:36:00
746,19,General,Mumbai,How can I start learning machine learning?,2026-03-16 08:06:00
747,29,Education,Pune,What are good resources for learning technology?,2026-06-12 11:07:00
748,3,Business,Pune,What are good resources for learning technology?,2026-01-05 08:06:00
749,13,Career,Mumbai,How can I start learning machine learning?,2026-05-30 00:13:00
750,29,Health,Jaipur,How can I start learning machine learning?,2026-02-13 18:27:00
751,11,Career,Bangalore,What is the difference between SQL and NoSQL?,2026-01-30 07:16:00
752,16,Health,Pune,What is the best way to learn SQL?,2026-03-04 18:48:00
753,26,Education,Hyderabad,What are good resources for learning technology?,2026-04-10 23:41:00
754,14,Programming,Pune,How can I learn data analytics?,2026-02-17 07:32:00
755,21,General,Delhi,How can I improve my programming skills?,2026-04-21 17:21:00
756,8,Programming,Ahmedabad,What are good resources for learning technology?,2026-06-24 19:44:00
757,3,Education,Chennai,What are good resources for learning technology?,2026-03-09 22:57:00
758,25,Health,Jaipur,How can I improve my career skills?,2026-03-27 17:18:00
759,18,Business,Jaipur,How can I improve my programming skills?,2026-03-15 15:47:00
760,12,Career,Chennai,How can I improve my career skills?,2026-06-25 04:59:00
761,3,Programming,Chennai,How can I prepare for a technical interview?,2026-01-23 04:39:00
762,19,Programming,Hyderabad,How can I learn data analytics?,2026-04-08 02:48:00
763,28,Career,Pune,How can I start learning machine learning?,2026-02-17 05:42:00
764,20,Business,Mumbai,How can I prepare for a technical interview?,2026-04-22 17:06:00
765,11,Technology,Mumbai,How can I improve my career skills?,2026-03-09 13:29:00
766,3,Health,Ahmedabad,How can I start learning machine learning?,2026-04-04 07:16:00
767,20,Career,Bangalore,How can I learn data analytics?,2026-06-17 08:12:00
768,21,Career,Mumbai,What are good resources for learning technology?,2026-01-13 11:06:00
769,16,Career,Chennai,What is the difference between SQL and NoSQL?,2026-04-25 04:02:00
770,10,Education,Jaipur,What is the best way to learn SQL?,2026-01-01 12:51:00
771,27,Career,Jaipur,What is data engineering?,2026-02-24 02:11:00
772,10,Programming,Jaipur,How can I prepare for a technical interview?,2026-01-16 06:34:00
773,8,Education,Ahmedabad,What is the best way to learn SQL?,2026-01-24 11:45:00
774,27,General,Hyderabad,How can I learn data analytics?,2026-06-24 05:22:00
775,8,Business,Ahmedabad,What is the best way to learn SQL?,2026-01-17 09:51:00
776,23,Technology,Delhi,How can I learn data analytics?,2026-02-03 05:22:00
777,7,Health,Pune,How can I learn data analytics?,2026-01-19 12:32:00
778,26,Programming,Mumbai,How can I improve my programming skills?,2026-03-23 18:26:00
779,25,Business,Jaipur,How can I prepare for a technical interview?,2026-04-14 19:39:00
780,27,General,Ahmedabad,How can I learn Python?,2026-01-06 02:01:00
781,26,Career,Delhi,What is data engineering?,2026-04-11 19:12:00
782,30,General,Jaipur,What are good resources for learning technology?,2026-06-12 10:08:00
783,14,Career,Chennai,What are good resources for learning technology?,2026-02-01 18:00:00
784,1,Career,Pune,How can I prepare for a technical interview?,2026-04-17 08:33:00
785,7,Business,Ahmedabad,How can I improve my career skills?,2026-04-09 00:03:00
786,1,Technology,Bangalore,What is data engineering?,2026-04-13 16:01:00
787,15,Career,Mumbai,How can I learn Python?,2026-05-01 01:54:00
788,30,Career,Ahmedabad,What is the difference between SQL and NoSQL?,2026-01-06 18:13:00
789,28,General,Hyderabad,What is the difference between SQL and NoSQL?,2026-01-02 05:18:00
790,24,General,Ahmedabad,How can I prepare for a technical interview?,2026-02-13 14:38:00
791,2,Health,Delhi,How can I improve my programming skills?,2026-01-23 09:16:00
792,16,Business,Chennai,What is data engineering?,2026-01-08 03:17:00
793,10,Programming,Mumbai,What is the best way to learn SQL?,2026-05-26 18:07:00
794,3,Business,Delhi,What is the difference between SQL and NoSQL?,2026-05-02 12:10:00
795,30,Business,Jaipur,How can I learn Python?,2026-01-18 10:15:00
796,29,Career,Jaipur,What is the best way to learn SQL?,2026-06-25 00:27:00
797,5,Education,Ahmedabad,How can I start learning machine learning?,2026-05-11 05:41:00
798,17,Health,Jaipur,What is the difference between SQL and NoSQL?,2026-05-05 22:21:00
799,27,Programming,Delhi,How can I prepare for a technical interview?,2026-06-07 09:12:00
800,11,General,Chennai,How can I start learning machine learning?,2026-03-12 21:40:00
801,14,Technology,Delhi,How can I start learning machine learning?,2026-02-13 16:58:00
802,29,Career,Delhi,How can I start learning machine learning?,2026-04-14 13:50:00
803,8,Education,Jaipur,How can I improve my programming skills?,2026-03-31 18:11:00
804,9,Programming,Pune,What is the best way to learn SQL?,2026-03-22 11:44:00
805,30,Career,Hyderabad,How can I improve my programming skills?,2026-02-05 18:51:00
806,26,Career,Hyderabad,How can I start learning machine learning?,2026-06-22 15:03:00
807,17,Programming,Bangalore,How can I learn Python?,2026-01-04 11:16:00
808,23,Technology,Ahmedabad,How can I start learning machine learning?,2026-01-19 03:40:00
809,13,Education,Chennai,What is the difference between SQL and NoSQL?,2026-02-28 19:42:00
810,11,Business,Delhi,What is the best way to learn SQL?,2026-04-01 23:10:00
811,14,Technology,Jaipur,How can I learn data analytics?,2026-03-29 19:21:00
812,18,Education,Ahmedabad,How can I start learning machine learning?,2026-04-27 12:34:00
813,10,Business,Ahmedabad,What is the best way to learn SQL?,2026-06-29 08:18:00
814,23,Education,Mumbai,How can I start learning machine learning?,2026-06-23 20:54:00
815,18,Business,Jaipur,How can I start learning machine learning?,2026-02-10 06:56:00
816,26,Technology,Bangalore,What is the difference between SQL and NoSQL?,2026-02-02 19:55:00
817,29,Education,Chennai,How can I learn Python?,2026-05-20 07:39:00
818,22,Health,Jaipur,How can I start learning machine learning?,2026-05-11 06:13:00
819,16,Programming,Jaipur,What are good resources for learning technology?,2026-05-19 06:36:00
820,16,Career,Delhi,How can I prepare for a technical interview?,2026-05-21 06:37:00
821,29,Education,Bangalore,How can I learn Python?,2026-01-11 00:34:00
822,29,Technology,Pune,What is the best way to learn SQL?,2026-05-15 01:56:00
823,19,Programming,Bangalore,How can I improve my programming skills?,2026-03-14 05:15:00
824,10,Education,Pune,How can I learn Python?,2026-05-09 06:55:00
825,14,Business,Delhi,What are good resources for learning technology?,2026-02-10 18:32:00
826,20,Health,Jaipur,How can I learn Python?,2026-06-08 22:35:00
827,8,Education,Hyderabad,How can I learn data analytics?,2026-01-12 23:50:00
828,16,Programming,Delhi,What is the best way to learn SQL?,2026-02-13 17:08:00
829,11,Business,Chennai,How can I learn data analytics?,2026-06-14 07:24:00
830,13,Business,Hyderabad,How can I prepare for a technical interview?,2026-06-25 15:34:00
831,14,Business,Mumbai,How can I start learning machine learning?,2026-01-06 12:04:00
832,16,Career,Pune,What is data engineering?,2026-03-25 16:24:00
833,24,Education,Jaipur,How can I prepare for a technical interview?,2026-03-14 12:55:00
834,4,General,Hyderabad,How can I start learning machine learning?,2026-03-22 06:58:00
835,9,Technology,Chennai,How can I improve my programming skills?,2026-06-19 00:42:00
836,9,Technology,Hyderabad,What is data engineering?,2026-02-13 22:08:00
837,3,Programming,Chennai,How can I improve my career skills?,2026-05-26 07:06:00
838,8,Business,Ahmedabad,How can I improve my programming skills?,2026-02-21 08:42:00
839,26,Business,Chennai,What is the difference between SQL and NoSQL?,2026-03-02 04:01:00
840,29,Business,Ahmedabad,What is the difference between SQL and NoSQL?,2026-01-11 16:59:00
841,15,Career,Mumbai,How can I learn data analytics?,2026-01-27 10:53:00
842,1,Career,Pune,How can I learn data analytics?,2026-06-28 09:16:00
843,17,Technology,Mumbai,How can I prepare for a technical interview?,2026-04-06 07:34:00
844,18,General,Jaipur,What is the difference between SQL and NoSQL?,2026-04-22 08:03:00
845,11,Business,Hyderabad,What is data engineering?,2026-05-01 04:28:00
846,1,Career,Jaipur,How can I improve my career skills?,2026-02-07 12:58:00
847,27,Technology,Bangalore,How can I improve my programming skills?,2026-05-04 19:05:00
848,10,Business,Mumbai,How can I improve my programming skills?,2026-06-02 01:06:00
849,14,Education,Jaipur,How can I learn Python?,2026-05-27 10:07:00
850,19,Technology,Bangalore,What is data engineering?,2026-04-04 11:33:00
851,20,Technology,Hyderabad,How can I improve my career skills?,2026-04-04 05:45:00
852,13,Technology,Hyderabad,What is the best way to learn SQL?,2026-06-02 09:50:00
853,13,Career,Delhi,How can I start learning machine learning?,2026-05-24 09:41:00
854,23,General,Mumbai,How can I start learning machine learning?,2026-03-16 19:39:00
855,16,Programming,Chennai,What is the difference between SQL and NoSQL?,2026-03-25 20:37:00
856,29,Programming,Pune,What is the best way to learn SQL?,2026-04-29 22:57:00
857,24,Education,Chennai,What is data engineering?,2026-01-15 22:52:00
858,25,Programming,Chennai,How can I improve my career skills?,2026-04-11 03:16:00
859,28,Programming,Bangalore,How can I prepare for a technical interview?,2026-06-22 03:42:00
860,27,Education,Pune,How can I improve my career skills?,2026-03-14 14:16:00
861,28,Career,Chennai,How can I improve my career skills?,2026-01-19 14:30:00
862,2,Education,Ahmedabad,What is the difference between SQL and NoSQL?,2026-02-25 10:18:00
863,22,Technology,Jaipur,How can I improve my career skills?,2026-03-31 14:34:00
864,30,Career,Chennai,How can I improve my programming skills?,2026-03-28 12:21:00
865,17,Technology,Hyderabad,How can I start learning machine learning?,2026-04-12 23:45:00
866,30,Business,Delhi,How can I prepare for a technical interview?,2026-03-13 14:57:00
867,9,Programming,Mumbai,How can I improve my career skills?,2026-04-22 05:46:00
868,4,Career,Ahmedabad,How can I start learning machine learning?,2026-03-17 14:35:00
869,3,Health,Bangalore,What is the best way to learn SQL?,2026-05-30 13:02:00
870,11,Programming,Chennai,How can I improve my programming skills?,2026-03-26 01:45:00
871,26,Programming,Chennai,How can I learn data analytics?,2026-05-21 20:51:00
872,11,General,Pune,How can I improve my career skills?,2026-06-03 23:32:00
873,5,Education,Chennai,What is the difference between SQL and NoSQL?,2026-03-01 05:06:00
874,7,Health,Mumbai,How can I prepare for a technical interview?,2026-05-14 15:04:00
875,21,Business,Ahmedabad,How can I prepare for a technical interview?,2026-01-04 03:45:00
876,5,Education,Mumbai,How can I learn Python?,2026-01-25 17:36:00
877,9,Business,Bangalore,How can I improve my career skills?,2026-02-05 19:06:00
878,1,Programming,Mumbai,What is the difference between SQL and NoSQL?,2026-05-30 01:19:00
879,29,Programming,Delhi,How can I start learning machine learning?,2026-02-17 07:45:00
880,29,Programming,Delhi,What are good resources for learning technology?,2026-02-27 20:55:00
881,4,Programming,Pune,What is the difference between SQL and NoSQL?,2026-01-18 08:00:00
882,3,General,Jaipur,How can I learn data analytics?,2026-06-29 11:36:00
883,3,Education,Delhi,How can I improve my programming skills?,2026-01-19 16:48:00
884,23,Career,Delhi,What is the best way to learn SQL?,2026-04-26 22:52:00
885,19,Education,Mumbai,What is the best way to learn SQL?,2026-03-18 20:58:00
886,25,Health,Jaipur,What is the best way to learn SQL?,2026-05-23 23:56:00
887,11,Health,Delhi,What are good resources for learning technology?,2026-06-11 01:53:00
888,28,Technology,Chennai,How can I improve my career skills?,2026-05-02 00:59:00
889,8,Business,Chennai,What is data engineering?,2026-02-13 22:41:00
890,19,Programming,Bangalore,How can I prepare for a technical interview?,2026-04-15 05:01:00
891,25,Programming,Pune,How can I start learning machine learning?,2026-04-05 13:22:00
892,17,Education,Jaipur,How can I improve my career skills?,2026-06-17 02:59:00
893,8,Health,Ahmedabad,How can I learn Python?,2026-04-16 17:25:00
894,6,Career,Jaipur,What is data engineering?,2026-05-27 20:17:00
895,8,General,Mumbai,How can I improve my career skills?,2026-05-15 03:09:00
896,1,Education,Hyderabad,What is the difference between SQL and NoSQL?,2026-01-10 20:51:00
897,19,Business,Delhi,What are good resources for learning technology?,2026-01-17 19:01:00
898,18,Business,Hyderabad,How can I prepare for a technical interview?,2026-04-22 21:02:00
899,19,Business,Bangalore,What are good resources for learning technology?,2026-03-20 07:36:00
900,11,Health,Delhi,What are good resources for learning technology?,2026-05-30 16:51:00
901,2,Health,Bangalore,How can I improve my programming skills?,2026-05-15 23:08:00
902,3,Technology,Ahmedabad,What is the best way to learn SQL?,2026-06-26 20:02:00
903,3,Career,Hyderabad,What are good resources for learning technology?,2026-01-24 06:55:00
904,4,Business,Bangalore,What are good resources for learning technology?,2026-03-22 07:30:00
905,4,Business,Hyderabad,How can I prepare for a technical interview?,2026-06-13 22:07:00
906,6,Education,Bangalore,What is the difference between SQL and NoSQL?,2026-03-29 15:49:00
907,5,Programming,Chennai,How can I prepare for a technical interview?,2026-06-02 07:56:00
908,24,Career,Pune,What is the best way to learn SQL?,2026-04-08 15:31:00
909,4,General,Ahmedabad,What is the difference between SQL and NoSQL?,2026-05-26 01:18:00
910,12,Education,Ahmedabad,How can I learn data analytics?,2026-04-11 05:54:00
911,11,Education,Pune,How can I improve my programming skills?,2026-06-15 18:05:00
912,20,General,Ahmedabad,How can I start learning machine learning?,2026-02-10 07:12:00
913,12,Career,Mumbai,How can I start learning machine learning?,2026-06-19 15:59:00
914,8,Career,Delhi,How can I learn data analytics?,2026-03-21 03:07:00
915,25,General,Bangalore,What are good resources for learning technology?,2026-01-07 04:20:00
916,30,Programming,Delhi,How can I improve my career skills?,2026-03-22 14:56:00
917,23,Health,Delhi,How can I start learning machine learning?,2026-05-18 19:06:00
918,14,Programming,Delhi,How can I start learning machine learning?,2026-01-24 10:07:00
919,4,Technology,Delhi,How can I start learning machine learning?,2026-02-05 16:12:00
920,16,Business,Bangalore,What is the difference between SQL and NoSQL?,2026-06-01 05:07:00
921,1,General,Ahmedabad,What is the best way to learn SQL?,2026-01-15 15:35:00
922,25,Career,Bangalore,What is the best way to learn SQL?,2026-05-11 20:31:00
923,10,Career,Chennai,How can I improve my programming skills?,2026-06-09 12:28:00
924,18,Education,Ahmedabad,How can I prepare for a technical interview?,2026-01-03 02:16:00
925,23,Business,Chennai,How can I prepare for a technical interview?,2026-05-21 18:11:00
926,19,General,Bangalore,What is the best way to learn SQL?,2026-04-29 19:10:00
927,13,Programming,Pune,How can I prepare for a technical interview?,2026-01-11 10:29:00
928,8,Business,Mumbai,How can I prepare for a technical interview?,2026-02-14 01:10:00
929,18,Career,Jaipur,What is the difference between SQL and NoSQL?,2026-02-27 21:50:00
930,19,General,Mumbai,What is the difference between SQL and NoSQL?,2026-04-16 19:12:00
931,16,Health,Bangalore,How can I start learning machine learning?,2026-06-17 15:57:00
932,30,Health,Hyderabad,What is the best way to learn SQL?,2026-01-15 19:38:00
933,6,Career,Chennai,How can I start learning machine learning?,2026-05-04 23:28:00
934,7,Health,Pune,How can I learn data analytics?,2026-05-22 13:38:00
935,18,Health,Delhi,How can I start learning machine learning?,2026-04-11 03:58:00
936,24,Career,Hyderabad,How can I start learning machine learning?,2026-04-04 03:41:00
937,19,Technology,Mumbai,How can I start learning machine learning?,2026-04-29 00:39:00
938,19,Education,Pune,How can I start learning machine learning?,2026-06-16 12:10:00
939,18,Business,Jaipur,What are good resources for learning technology?,2026-05-14 06:57:00
940,10,Programming,Mumbai,What is the best way to learn SQL?,2026-05-09 21:30:00
941,2,Programming,Ahmedabad,What are good resources for learning technology?,2026-03-01 17:26:00
942,29,Programming,Chennai,What is the difference between SQL and NoSQL?,2026-05-16 09:08:00
943,28,Career,Chennai,What is the difference between SQL and NoSQL?,2026-01-02 06:11:00
944,16,General,Bangalore,What is data engineering?,2026-02-14 06:56:00
945,27,Business,Chennai,What is the best way to learn SQL?,2026-04-06 17:01:00
946,24,Education,Ahmedabad,How can I improve my career skills?,2026-02-11 21:43:00
947,21,Programming,Jaipur,What is the best way to learn SQL?,2026-03-01 04:54:00
948,22,Health,Ahmedabad,How can I start learning machine learning?,2026-01-10 16:37:00
949,6,General,Delhi,What are good resources for learning technology?,2026-04-30 06:19:00
950,25,Career,Mumbai,How can I improve my career skills?,2026-01-09 15:08:00
951,5,Education,Pune,How can I learn data analytics?,2026-02-24 11:30:00
952,24,Business,Delhi,What is data engineering?,2026-04-21 16:52:00
953,4,Business,Hyderabad,What are good resources for learning technology?,2026-04-23 00:58:00
954,26,General,Ahmedabad,What are good resources for learning technology?,2026-04-12 20:37:00
955,3,Programming,Hyderabad,How can I learn Python?,2026-04-17 01:57:00
956,16,Programming,Jaipur,How can I learn Python?,2026-03-15 13:06:00
957,4,Career,Bangalore,What is the difference between SQL and NoSQL?,2026-05-20 22:16:00
958,23,General,Chennai,How can I prepare for a technical interview?,2026-05-28 11:45:00
959,4,Health,Mumbai,How can I start learning machine learning?,2026-01-28 09:04:00
960,10,Business,Hyderabad,What are good resources for learning technology?,2026-01-02 19:11:00
961,2,Career,Chennai,What are good resources for learning technology?,2026-02-23 06:38:00
962,29,Business,Jaipur,How can I start learning machine learning?,2026-05-22 02:29:00
963,19,Career,Jaipur,How can I learn data analytics?,2026-03-23 11:28:00
964,28,Career,Jaipur,What are good resources for learning technology?,2026-05-07 09:53:00
965,5,Education,Mumbai,How can I improve my programming skills?,2026-06-19 02:02:00
966,13,Education,Delhi,How can I learn Python?,2026-05-11 14:00:00
967,4,Technology,Hyderabad,How can I improve my programming skills?,2026-04-11 12:24:00
968,29,Education,Hyderabad,How can I improve my career skills?,2026-06-14 18:15:00
969,2,General,Hyderabad,How can I learn data analytics?,2026-02-26 16:41:00
970,12,Career,Delhi,How can I start learning machine learning?,2026-05-28 14:29:00
971,21,General,Delhi,What is data engineering?,2026-02-25 02:35:00
972,4,Business,Ahmedabad,What is the difference between SQL and NoSQL?,2026-01-30 11:22:00
973,19,Technology,Mumbai,How can I learn data analytics?,2026-04-21 20:35:00
974,21,Technology,Chennai,What is data engineering?,2026-03-27 05:34:00
975,1,Business,Hyderabad,How can I prepare for a technical interview?,2026-05-25 04:01:00
976,26,Programming,Chennai,How can I prepare for a technical interview?,2026-02-26 14:57:00
977,23,General,Delhi,What is data engineering?,2026-05-30 23:00:00
978,27,Business,Hyderabad,What is the best way to learn SQL?,2026-05-07 19:28:00
979,21,Business,Ahmedabad,How can I start learning machine learning?,2026-02-22 06:04:00
980,11,Business,Bangalore,How can I prepare for a technical interview?,2026-02-12 09:26:00
981,5,General,Chennai,How can I learn Python?,2026-06-29 02:07:00
982,28,Business,Mumbai,How can I prepare for a technical interview?,2026-05-19 00:53:00
983,24,Business,Bangalore,How can I improve my career skills?,2026-01-14 05:43:00
984,25,Business,Pune,What are good resources for learning technology?,2026-04-27 14:46:00
985,20,General,Delhi,What is data engineering?,2026-05-28 05:46:00
986,5,Technology,Pune,How can I learn data analytics?,2026-01-28 19:55:00
987,3,Career,Ahmedabad,What are good resources for learning technology?,2026-06-09 20:37:00
988,19,Career,Bangalore,How can I learn Python?,2026-02-14 15:11:00
989,14,Career,Ahmedabad,How can I start learning machine learning?,2026-06-01 04:40:00
990,20,Education,Chennai,What is the difference between SQL and NoSQL?,2026-02-05 17:37:00
991,13,Programming,Hyderabad,How can I improve my career skills?,2026-06-08 00:05:00
992,27,Career,Bangalore,How can I prepare for a technical interview?,2026-06-18 20:17:00
993,8,Technology,Hyderabad,How can I improve my programming skills?,2026-01-31 14:27:00
994,20,General,Mumbai,How can I learn Python?,2026-03-24 18:14:00
995,17,Business,Bangalore,How can I learn data analytics?,2026-01-18 17:52:00
996,27,Education,Jaipur,What is the best way to learn SQL?,2026-01-07 04:29:00
997,20,Health,Pune,How can I start learning machine learning?,2026-02-20 18:48:00
998,3,General,Ahmedabad,How can I prepare for a technical interview?,2026-04-21 08:03:00
999,14,Career,Jaipur,How can I improve my programming skills?,2026-04-08 11:19:00
1000,1,Career,Hyderabad,How can I learn data analytics?,2026-05-06 12:43:00
